Middelfart saltlage ruter,,,,,,,,,,,,,,,,
,"Bredden er udregnet med en decimal, hvis der mellem punkterne saltes i varierende bredder.",,,,,,,,,,,,,,,
,"Status: 1 = saltes i valgfri retning, 2 = saltes, 3 = strækning kan udelades",,,,,,,,,,,,,,,
,Forbindelse fra - til,,,,,,,,,,,,,,,
Fra,,,,,,,,,,,,,,,,
Knude,til,sta-,længde,salt,til,sta-,længde,salt,til,sta-,længde,salt,til,sta-,længde,salt
punkt,pkt.,tus,i m,m,pkt.,tus,i m,m,pkt.,tus,i m,m,pkt.,tus,i m,m
1,2,1,748,3,,,,,,,,,,,,
2,1,1,748,3,3,1,867,3,5,1,840,3,,,,
3,2,1,867,3,4,1,385,5,7,2,284,3,,,,
4,3,1,385,5,,,,,,,,,,,,
5,28,1,1100,3,6,1,80,3,2,1,840,3,,,,
6,5,1,80,3,,,,,,,,,,,,
7,3,2,284,3,8,1,189,4,30,2,698,3,,,,
8,7,1,189,4,9,1,664,3,11,1,560,4,,,,
9,8,1,664,3,11,1,432,4,10,1,55,4,,,,
10,9,1,55,4,,,,,,,,,,,,
11,8,1,560,4,9,1,432,4,12,1,542,4,,,,
12,11,1,542,4,13,2,120,4,,,,,,,,
13,14,1,90,3,17,1,500,3,15,1,130,3,,,,
14,13,1,90,3,,,,,,,,,,,,
15,13,1,130,3,16,1,60,3,17,1,60,3,,,,
16,15,1,60,3,,,,,,,,,,,,
17,15,1,60,3,13,1,500,3,18,1,140,3,,,,
18,17,1,140,3,19,2,570,2.5,77,1,30,4,,,,
19,18,2,570,2.5,20,1,180,4,21,1,130,3,,,,
20,19,1,180,4,30,1,290,6,31,1,260,6,,,,
21,19,1,130,3,22,1,260,3,23,1,150,3,,,,
22,21,1,260,3,,,,,,,,,,,,
23,21,1,150,3,24,1,240,3,25,1,170,3,,,,
24,23,1,240,3,,,,,,,,,,,,
25,23,1,170,3,26,1,220,3,27,1,90,3,,,,
26,25,1,220,3,,,,,,,,,,,,
27,25,1,90,3,,,,,,,,,,,,
28,30,1,132,3,29,1,1300,3,5,1,1100,3,,,,
29,28,1,1300,3,,,,,,,,,,,,
30,7,2,698,3,28,1,132,3,20,1,290,6,,,,
31,20,1,260,6,748,1,340,6,32,1,60,4,,,,
32,31,1,60,4,34,1,430,3,33,1,200,4,,,,
33,32,1,200,4,38,1,270,4,36,1,190,4,,,,
34,32,1,430,3,35,1,60,4,36,1,200,4,,,,
35,34,1,60,4,,,,,,,,,,,,
36,33,1,190,4,34,1,200,4,37,1,90,4,,,,
37,36,1,90,4,,,,,,,,,,,,
38,33,1,270,4,748,3,300,3,,,,,,,,
39,748,2,230,5,40,1,70,4,60,2,300,5,75,1,180,5
40,39,1,70,4,41,1,200,3,42,1,40,4,,,,
41,40,1,200,3,,,,,,,,,,,,
42,40,1,40,4,43,1,125,3,49,1,125,3,,,,
43,42,1,125,3,44,1,125,3,46,1,275,3,,,,
44,43,1,125,3,46,1,150,3,45,1,100,3,,,,
45,44,1,100,3,,,,,,,,,,,,
46,43,1,275,3,44,1,150,3,47,1,40,3,,,,
47,46,1,40,3,,,,,,,,,,,,
48,49,1,275,3,50,1,150,3,51,1,90,3,,,,
49,42,1,125,3,48,1,275,3,50,1,125,3,,,,
50,49,1,125,3,48,1,150,3,,,,,,,,
51,48,1,90,3,52,1,70,4,58,1,100,4,,,,
52,51,1,70,4,56,1,410,4,53,1,215,4,,,,
53,52,1,215,4,54,1,110,4,55,1,175,4,,,,
54,53,1,110,4,,,,,,,,,,,,
55,53,1,175,4,,,,,,,,,,,,
56,52,1,410,4,58,1,235,4,57,1,120,4,66,1,200,4
57,56,1,120,4,59,1,235,4,63,1,160,4,65,1,200,4
58,51,1,100,4,56,1,235,4,,,,,,,,
59,57,1,235,4,60,1,145,4,58,1,235,4,,,,
60,39,2,300,5,61,1,160,5,59,1,145,4,,,,
61,60,1,160,5,62,1,90,10,63,1,65,5,,,,
62,61,1,90,10,,,,,,,,,,,,
63,61,1,65,5,64,2,210,4,57,1,160,4,,,,
64,63,2,210,4,71,2,75,5,65,1,155,9,,,,
65,57,1,200,4,64,1,155,9,66,1,110,9,,,,
66,56,1,200,4,65,1,110,9,69,1,370,4,67,1,240,9
67,66,1,240,9,68,1,370,4,243,1,530,9,,,,
68,67,1,370,4,69,1,220,4,166,1,205,5,,,,
69,68,1,220,4,66,1,370,4,70,1,190,4,,,,
70,69,1,190,4,71,2,310,4,159,1,20,5,,,,
71,64,2,75,5,70,2,310,4,72,1,260,5,,,,
72,71,1,260,5,99,1,105,5,95,1,460,4,,,,
74,75,1,160,4,95,1,370,5,90,1,90,4,,,,
75,74,1,160,4,39,1,180,5,76,1,20,5,,,,
76,75,1,20,5,77,1,270,4,88,1,210,5,,,,
77,18,1,30,4,76,1,270,4,78,1,190,4,79,1,110,4
78,77,1,190,4,,,,,,,,,,,,
79,77,1,110,4,80,1,80,3,81,1,120,4,,,,
80,79,1,80,3,,,,,,,,,,,,
81,79,1,120,4,88,2,230,4,,,,,,,,
82,83,1,100,3,81,2,45,3,84,1,140,4,,,,
83,12,2,150,3,82,1,100,3,,,,,,,,
84,83,2,240,3,85,1,90,3,,,,,,,,
85,87,3,220,4,,,,,,,,,,,,
86,84,2,215,3,87,1,60,4,88,1,170,4,,,,
87,86,1,60,4,85,3,220,4,94,3,275,4,,,,
88,76,1,210,5,86,1,170,4,89,1,200,3,,,,
89,88,1,200,3,92,1,100,3,90,1,130,3,,,,
90,74,1,90,4,89,1,130,3,91,1,130,3,,,,
91,90,1,130,3,92,1,140,3,95,1,165,3,,,,
92,89,1,100,3,91,1,140,3,93,1,100,3,,,,
93,92,1,100,3,,,,,,,,,,,,
94,87,3,275,4,91,2,270,3,96,1,310,4,,,,
95,72,1,460,4,74,1,370,5,91,1,165,3,96,1,375,4
96,95,1,375,4,94,1,310,4,99,1,210,4,,,,
99,72,1,105,5,96,1,210,4,101,1,170,9,102,1,180,9
100,126,1,100,4,,,,,,,,,,,,
101,99,1,170,9,102,1,140,4,103,1,125,9,,,,
102,99,1,180,9,101,1,140,4,107,1,95,9,,,,
103,101,1,125,9,104,1,195,9,107,1,260,4,,,,
104,103,1,195,9,105,1,210,4,106,1,200,9,,,,
105,104,1,210,4,106,1,220,4,,,,,,,,
106,104,1,200,9,105,1,220,4,326,1,225,9,,,,
107,103,1,260,4,102,1,95,9,108,1,160,9,,,,
108,107,1,160,9,110,1,200,9,109,1,150,4,,,,
109,108,1,150,4,,,,,,,,,,,,
110,108,1,200,9,111,1,180,9,128,1,250,9,,,,
111,110,1,180,9,112,1,500,4,113,1,130,9,,,,
112,327,1,130,4,111,1,500,4,114,1,330,4,,,,
113,111,1,130,9,114,1,170,9,126,1,400,4,,,,
114,113,1,170,9,112,1,330,4,115,1,300,9,124,1,90,5
115,328,1,390,4,114,1,300,9,116,1,230,9,,,,
116,115,1,230,9,117,1,280,9,321,1,410,9,,,,
117,116,1,280,9,118,1,150,5,141,1,300,9,,,,
118,117,1,150,5,119,1,350,4,120,1,30,5,,,,
119,118,1,350,4,,,,,,,,,,,,
120,118,1,30,5,122,1,180,5,121,1,100,4,,,,
121,120,1,100,4,124,1,550,4,,,,,,,,
122,120,1,180,5,123,1,170,4,137,1,270,5,,,,
123,122,1,170,4,,,,,,,,,,,,
124,121,1,550,4,134,1,290,5,114,1,90,5,,,,
125,156,1,90,4,,,,,,,,,,,,
126,113,1,400,4,100,1,100,4,129,1,190,4,,,,
127,128,1,130,4,,,,,,,,,,,,
128,110,1,250,9,127,1,130,4,129,1,310,9,156,1,130,4
129,126,1,190,4,128,1,310,9,130,1,120,9,,,,
130,129,1,120,9,131,1,60,4,132,1,125,9,,,,
131,130,1,60,4,,,,,,,,,,,,
132,130,1,125,9,133,1,80,4,153,1,70,9,,,,
133,132,1,80,4,,,,,,,,,,,,
134,124,1,290,5,135,1,74,4,137,1,200,5,,,,
135,134,1,74,4,136,2,210,4,,,,,,,,
136,135,2,210,4,,,,,,,,,,,,
137,122,1,270,5,134,1,200,5,138,1,110,5,,,,
138,137,1,110,5,139,1,220,4,140,1,190,5,,,,
139,138,1,220,4,,,,,,,,,,,,
140,138,1,190,5,141,1,130,5,147,1,100,5,152,2,275,5
141,117,1,300,5,140,1,130,5,318,1,430,9,142,1,430,5
142,141,1,430,5,316,1,580,4,313,1,650,5,143,1,150,5
143,142,1,150,5,149,1,180,5,145,1,675,5,,,,
145,143,1,675,5,146,1,350,5,147,1,200,5,,,,
146,145,1,350,5,149,1,190,5,148,1,230,5,,,,
147,140,1,100,5,145,1,200,5,148,1,350,5,,,,
148,146,1,230,5,147,1,350,5,150,1,860,5,,,,
149,142,1,180,5,146,1,190,5,150,1,1100,5,,,,
150,148,1,860,5,149,1,1100,5,758,1,220,5,,,,
151,749,1,100,5,201,1,115,4,152,2,600,5,,,,
152,140,2,275,5,151,2,600,5,185,2,200,5,153,2,285,5
153,132,1,70,9,152,2,285,5,154,1,305,5,,,,
154,153,1,305,5,172,1,160,4,155,1,280,5,,,,
155,154,1,280,5,157,1,150,5,156,1,125,4,,,,
156,128,1,130,4,155,1,125,4,157,1,315,4,125,1,90,4
157,155,1,150,5,156,1,315,4,158,1,375,5,,,,
158,157,1,375,5,159,1,110,5,163,1,380,9,,,,
159,158,1,110,5,160,1,45,4,70,1,20,5,,,,
160,159,1,45,4,161,1,80,4,162,1,60,4,,,,
161,160,1,80,4,,,,,,,,,,,,
162,160,1,60,4,,,,,,,,,,,,
163,158,1,380,9,166,1,300,4,167,1,270,9,,,,
164,,,,,,,,,,,,,,,,
165,,,,,,,,,,,,,,,,
166,68,1,205,5,163,1,300,4,238,1,630,5,,,,
167,163,1,270,9,168,1,100,4,188,1,170,9,,,,
168,167,1,100,4,169,1,50,4,174,1,145,4,,,,
169,168,1,50,4,170,1,100,4,171,1,400,4,,,,
170,169,1,100,4,171,1,50,4,173,1,200,4,,,,
171,169,1,400,4,170,1,50,4,172,1,200,4,,,,
172,154,1,160,4,171,1,200,4,173,1,100,4,177,1,115,4
173,170,1,200,4,172,1,100,4,176,1,120,4,174,1,125,4
174,168,1,145,4,173,1,125,4,175,1,115,4,,,,
175,176,1,115,4,174,1,115,4,187,1,230,4,,,,
176,173,1,120,4,175,1,115,4,179,1,200,4,177,1,130,4
177,172,1,115,4,176,1,130,4,178,1,190,4,,,,
178,177,1,190,4,179,1,190,4,182,1,70,4,,,,
179,176,1,200,4,178,1,190,4,180,1,35,4,,,,
180,179,1,35,4,187,1,120,4,181,1,40,4,,,,
181,180,1,40,4,182,1,200,4,184,1,115,4,,,,
182,178,1,70,4,181,1,200,4,183,1,105,4,,,,
183,182,1,105,4,184,1,215,4,185,1,80,4,,,,
184,181,1,115,4,183,1,215,4,186,1,80,4,,,,
185,183,1,80,4,152,2,200,5,186,1,215,9,192,1,60,4
186,184,1,80,4,185,1,215,9,191,1,130,4,207,1,270,9
187,175,1,230,4,180,1,120,4,189,1,100,4,,,,
188,167,1,170,9,189,1,330,9,204,1,330,4,,,,
189,187,1,100,4,188,1,330,9,190,1,120,9,,,,
190,189,1,120,9,207,1,160,9,206,1,185,4,,,,
191,186,1,130,4,197,1,90,4,198,1,250,4,,,,
192,185,1,60,4,193,1,260,8,,,,,,,,
193,192,1,260,8,,,,,,,,,,,,
197,191,1,90,4,,,,,,,,,,,,
198,191,1,250,4,199,1,365,4,208,1,175,4,,,,
199,198,1,365,4,200,1,125,4,750,1,960,4,,,,
200,199,1,125,4,202,1,330,4,201,1,90,4,,,,
201,151,1,115,4,200,1,90,4,202,1,240,4,203,1,390,4
202,200,1,330,4,201,1,240,4,,,,,,,,
203,201,1,390,4,,,,,,,,,,,,
204,188,1,330,4,,,,,,,,,,,,
206,190,1,185,4,,,,,,,,,,,,
207,186,1,270,9,190,1,160,9,209,1,180,9,213,1,310,5
208,198,1,175,4,210,1,75,3,209,1,75,3,,,,
209,207,1,180,9,208,1,75,3,247,1,890,6,212,1,310,3
210,208,1,75,3,,,,,,,,,,,,
211,220,1,180,3,,,,,,,,,,,,
212,209,1,310,3,,,,,,,,,,,,
213,207,1,310,5,214,1,20,4,222,1,150,5,,,,
214,213,1,20,4,216,1,120,4,215,1,200,4,,,,
215,214,1,200,4,,,,,,,,,,,,
216,214,1,120,4,,,,,,,,,,,,
217,218,1,525,3,,,,,,,,,,,,
218,220,1,165,3,219,1,220,3,217,1,525,3,,,,
219,218,1,220,3,,,,,,,,,,,,
220,211,1,180,3,218,1,165,3,221,1,50,3,222,1,50,3
221,220,1,50,3,223,1,80,3,224,1,50,3,,,,
222,220,1,50,3,213,1,150,5,224,1,80,5,,,,
223,221,1,80,3,,,,,,,,,,,,
224,221,1,50,3,222,1,80,5,225,1,400,5,,,,
225,224,1,400,5,245,1,830,5,226,1,400,4,,,,
226,225,1,400,4,227,1,125,4,229,1,180,4,238,1,370,4
227,228,1,100,4,226,1,125,4,239,1,210,4,,,,
228,227,1,100,4,,,,,,,,,,,,
229,226,1,180,4,230,1,210,4,231,1,245,4,,,,
230,229,1,210,4,,,,,,,,,,,,
231,229,1,245,4,232,1,235,4,233,1,230,4,,,,
232,231,1,235,4,,,,,,,,,,,,
233,231,1,230,4,234,1,210,4,759,1,80,4,,,,
234,233,1,210,4,,,,,,,,,,,,
235,767,1,175,4,,,,,,,,,,,,
236,767,1,60,4,237,1,150,4,238,1,90,4,,,,
237,236,1,150,4,,,,,,,,,,,,
238,166,1,630,5,226,1,370,4,240,1,150,4,,,,
239,227,1,210,4,,,,,,,,,,,,
240,238,1,150,4,242,1,120,4,241,1,40,4,,,,
241,240,1,40,4,,,,,,,,,,,,
242,240,1,120,4,,,,,,,,,,,,
243,67,1,530,9,244,1,560,5,768,1,140,4,,,,
244,243,1,560,5,,,,,,,,,,,,
245,225,1,830,5,760,1,600,5,250,1,1100,3,,,,
247,209,1,890,6,248,1,490,3,253,1,500,4,,,,
248,247,1,490,3,253,1,880,3,249,1,370,3,,,,
249,248,1,370,3,252,1,270,3,250,1,890,3,,,,
250,245,1,1100,3,251,1,800,3,249,1,890,3,,,,
251,250,1,800,3,,,,,,,,,,,,
252,249,1,270,3,,,,,,,,,,,,
253,247,1,500,4,254,1,240,4,750,1,530,4,,,,
254,253,1,240,4,751,1,1400,3,255,1,960,4,,,,
255,254,1,960,4,256,1,960,3,257,1,900,4,,,,
256,255,1,960,3,,,,,,,,,,,,
257,255,1,900,4,752,1,840,4,258,1,610,4,259,1,1000,4
258,257,1,610,4,259,1,1300,3,264,1,1520,4,,,,
259,258,1,1300,3,257,1,1000,4,260,1,140,3,261,1,3100,3
260,259,1,140,3,,,,,,,,,,,,
261,259,1,3100,3,747,1,980,3,262,1,1100,3,,,,
262,262,1,1100,3,263,1,950,4,689,1,1100,4,,,,
263,262,1,950,4,264,1,680,4,434,1,200,3,,,,
264,263,1,680,4,258,1,1520,4,265,1,1900,3,,,,
265,264,1,1900,3,432,1,740,3,266,1,1200,3,,,,
266,757,1,830,5,265,1,1200,3,267,1,137,5,,,,
267,266,1,137,5,272,1,1100,3,268,1,920,5,,,,
268,267,1,920,5,269,2,340,4,272,1,500,3,,,,
269,268,2,340,4,433,1,840,4,270,2,1600,4,,,,
270,461,3,760,0,269,2,1600,4,419,3,490,0,489,2,1800,4
271,413,1,170,3,,,,,,,,,,,,
272,268,1,500,3,267,1,1100,3,273,1,560,3,,,,
273,272,1,560,3,274,1,1400,3,420,1,2100,3,,,,
274,273,1,1400,3,275,1,1800,4,281,1,700,4,,,,
275,274,1,1800,4,276,1,1300,3,431,1,160,3,,,,
276,275,1,1300,3,277,1,310,3,278,1,600,3,,,,
277,276,1,310,3,,,,,,,,,,,,
278,276,1,600,3,279,1,1600,3,280,1,1400,3,,,,
279,278,1,1600,3,539,1,2300,3,431,1,1200,3,,,,
280,281,1,1000,3,278,1,1400,3,282,1,710,3,,,,
281,274,1,700,4,280,1,1000,3,284,1,700,4,,,,
282,280,1,710,3,283,1,690,3,294,1,1800,3,,,,
283,282,1,690,3,286,1,1110,3,284,1,250,3,,,,
284,281,1,700,4,283,1,250,3,285,1,400,4,,,,
285,757,1,2400,3,284,1,400,4,286,1,600,4,,,,
286,283,1,1110,3,285,1,600,4,287,1,660,4,,,,
287,286,1,660,4,756,1,1200,5,288,1,390,5,,,,
288,287,1,390,5,289,1,540,3,290,1,1300,4,,,,
289,288,1,540,3,290,1,1400,3,291,1,110,3,,,,
290,288,1,1300,4,289,1,1400,3,312,1,380,4,,,,
291,289,1,110,3,292,1,560,3,293,1,370,3,,,,
292,293,1,360,3,292,1,560,3,294,1,1700,3,,,,
293,292,1,360,3,291,1,370,3,295,1,1400,3,310,1,490,3
294,282,1,1800,3,295,1,1260,3,292,1,1700,3,,,,
295,294,1,1260,3,293,1,1400,3,296,1,650,3,307,1,780,3
296,295,1,650,3,297,1,860,3,300,1,670,3,,,,
297,296,1,860,3,,,,,,,,,,,,
298,363,1,45,3,358,1,10,3,364,1,150,3,365,1,80,3
299,300,1,650,3,,,,,,,,,,,,
300,296,1,670,3,299,1,650,3,301,1,150,3,,,,
301,300,1,150,3,306,1,1000,3,302,1,1000,3,,,,
302,301,1,1000,3,303,1,640,3,304,1,1800,3,,,,
303,302,1,640,3,,,,,,,,,,,,
304,302,1,1800,3,389,1,1800,3,305,1,860,3,,,,
305,304,1,860,3,306,1,800,3,390,1,1050,3,308,1,1200,3
306,301,1,1000,3,307,1,1300,3,305,1,800,3,,,,
307,295,1,780,3,306,1,1300,3,308,1,520,3,,,,
308,307,1,520,3,305,1,1200,3,331,1,1400,3,309,1,490,3
309,308,1,490,3,314,1,1600,3,310,1,760,3,,,,
310,293,1,490,3,309,1,760,3,311,1,320,3,,,,
311,310,1,320,3,,,,,,,,,,,,
312,758,1,860,3,290,1,380,4,313,1,210,4,,,,
313,142,1,650,5,312,1,210,4,314,1,1400,3,,,,
314,313,1,1400,3,315,1,400,4,309,1,1600,3,330,1,1300,3
315,314,1,400,4,319,2,550,4,325,1,1000,3,,,,
316,142,1,580,4,317,1,230,4,318,1,460,4,,,,
317,316,1,230,4,,,,,,,,,,,,
318,141,1,430,9,316,1,460,4,319,1,175,5,,,,
319,315,2,550,4,318,1,175,5,322,1,520,4,321,1,100,9
320,321,1,475,4,,,,,,,,,,,,
321,116,1,410,9,320,1,475,4,319,1,100,9,,,,
322,319,1,520,4,323,1,200,4,324,1,160,4,,,,
323,326,1,860,6,324,1,180,6,322,1,200,4,,,,
324,322,1,160,4,323,1,180,6,325,1,670,6,,,,
325,324,1,670,6,315,1,1000,3,336,1,1100,5,,,,
326,106,1,225,9,323,1,860,6,327,1,100,4,,,,
327,326,1,100,4,328,1,270,4,112,1,130,4,,,,
328,327,1,270,4,329,1,110,4,115,1,390,4,,,,
329,328,1,110,4,,,,,,,,,,,,
330,314,1,1300,3,332,1,280,4,333,1,340,3,,,,
331,308,1,1400,3,412,1,300,3,332,1,200,3,,,,
332,330,1,280,4,331,1,200,3,411,1,900,3,333,1,290,3
333,330,1,340,3,332,1,290,3,335,1,230,3,,,,
335,333,1,230,3,336,1,380,3,343,1,300,3,,,,
336,325,1,1100,5,335,1,380,3,337,1,280,5,,,,
337,336,1,280,5,338,1,160,3,341,1,480,5,,,,
338,337,1,160,3,340,1,30,3,339,1,190,3,,,,
339,338,1,190,3,,,,,,,,,,,,
340,338,1,30,3,,,,,,,,,,,,
341,337,1,480,5,342,1,90,3,348,1,140,4,,,,
342,341,1,90,3,345,1,230,3,347,1,280,3,,,,
343,335,1,300,3,344,1,550,3,411,1,115,3,,,,
344,345,1,280,3,343,1,550,3,347,1,130,3,,,,
345,346,1,250,3,342,1,230,3,344,1,85,3,,,,
346,345,1,250,3,,,,,,,,,,,,
347,342,1,280,3,350,1,130,3,344,1,130,3,380,1,100,3
348,341,1,140,4,349,1,50,3,356,1,160,3,,,,
349,350,1,260,3,351,1,180,3,348,1,50,3,,,,
350,349,1,260,3,347,1,130,3,353,1,80,3,,,,
351,349,1,180,3,352,1,40,3,353,1,250,3,,,,
352,351,1,40,3,,,,,,,,,,,,
353,351,1,250,3,350,1,80,3,354,1,80,3,378,1,100,3
354,353,1,80,3,375,1,65,3,355,1,230,3,,,,
355,357,1,65,3,354,1,230,3,356,1,45,3,,,,
356,355,1,45,3,348,1,160,3,359,1,112,3,,,,
357,355,1,65,3,361,1,200,3,358,1,120,3,,,,
358,298,1,10,3,362,1,185,3,357,1,120,3,,,,
359,356,1,112,3,360,1,110,3,363,1,80,3,,,,
360,363,3,25,3,359,1,110,3,,,,,,,,
361,375,1,20,3,357,1,200,3,362,1,90,3,,,,
362,361,1,90,3,358,1,185,3,364,1,100,3,374,1,360,3
363,359,1,80,3,360,3,25,3,298,1,45,3,,,,
364,298,1,150,3,362,1,100,3,373,1,325,3,367,1,70,3
365,298,1,80,3,366,1,170,3,367,1,115,3,,,,
366,365,1,170,3,,,,,,,,,,,,
367,364,1,70,3,365,1,115,3,368,1,220,3,372,1,250,3
368,367,1,220,3,372,1,325,3,369,1,50,3,,,,
369,368,1,50,3,371,1,250,3,370,1,90,3,,,,
370,369,1,90,3,,,,,,,,,,,,
371,369,1,250,3,,,,,,,,,,,,
372,367,1,250,3,368,1,325,3,373,1,110,3,,,,
373,364,1,325,3,372,1,110,3,374,1,110,3,,,,
374,362,1,360,3,373,1,110,3,379,1,100,3,,,,
375,354,1,65,3,376,1,100,3,361,1,20,3,,,,
376,375,1,100,3,377,1,30,3,378,1,140,3,,,,
377,376,1,30,3,,,,,,,,,,,,
378,376,1,140,3,353,1,100,3,379,1,320,3,380,1,220,3
379,374,1,100,3,378,1,320,3,381,1,700,3,,,,
380,381,1,170,3,347,1,100,3,378,1,220,3,,,,
381,379,1,700,3,380,1,170,3,382,1,410,3,,,,
382,381,1,410,3,383,1,240,3,384,1,340,3,,,,
383,282,1,240,3,,,,,,,,,,,,
384,382,1,340,3,385,1,100,3,387,1,20,3,,,,
385,384,1,100,3,386,1,70,3,540,1,150,3,,,,
386,385,1,70,3,,,,,,,,,,,,
387,384,1,20,3,388,1,260,3,389,1,185,3,,,,
388,387,1,260,3,,,,,,,,,,,,
389,304,1,1800,3,387,1,185,3,390,1,650,3,,,,
390,305,1,1050,3,389,1,650,3,391,1,180,3,,,,
391,390,1,180,3,392,1,130,3,393,1,140,3,,,,
392,391,1,130,3,,,,,,,,,,,,
393,391,1,140,3,394,1,160,3,397,1,80,3,,,,
394,393,1,160,3,396,1,40,3,395,1,210,3,,,,
395,394,1,210,3,,,,,,,,,,,,
396,394,1,40,3,,,,,,,,,,,,
397,394,1,80,3,398,1,290,3,399,1,275,3,,,,
398,397,1,290,3,,,,,,,,,,,,
399,397,1,275,3,400,1,420,3,401,1,40,3,,,,
400,399,1,420,3,,,,,,,,,,,,
401,399,1,40,3,402,1,45,3,405,1,185,3,,,,
402,401,1,45,3,404,1,220,3,403,1,110,3,,,,
403,402,1,110,3,,,,,,,,,,,,
404,402,1,220,3,,,,,,,,,,,,
405,401,1,185,3,406,1,50,3,409,1,30,3,,,,
406,405,1,50,3,408,1,130,3,407,1,160,3,,,,
407,406,1,160,3,,,,,,,,,,,,
408,406,1,130,3,,,,,,,,,,,,
409,405,1,30,3,410,1,280,3,411,1,100,3,,,,
410,409,1,280,3,,,,,,,,,,,,
411,332,1,900,3,343,1,115,3,409,1,100,3,,,,
412,331,1,300,3,,,,,,,,,,,,
413,271,1,170,3,418,1,650,3,414,1,310,3,,,,
414,413,1,310,3,415,1,110,4,421,1,1000,3,,,,
415,414,1,110,4,771,1,100,3,416,1,170,3,,,,
416,415,1,170,3,417,1,300,3,418,1,40,4,,,,
417,416,1,300,3,,,,,,,,,,,,
418,413,1,650,3,416,1,40,4,419,1,60,4,,,,
419,418,1,60,4,420,1,1000,9,270,3,490,0,,,,
420,273,1,2100,3,419,1,1000,9,421,1,110,3,431,1,1000,5
421,414,1,1000,3,420,1,110,3,422,1,250,3,423,1,380,3
422,421,1,250,3,423,1,250,3,,,,,,,,
423,422,1,250,3,421,1,380,3,425,1,102,3,424,1,350,3
424,423,1,350,3,425,1,300,3,428,1,400,3,,,,
425,423,1,102,3,424,1,300,3,426,1,370,3,,,,
426,425,1,370,3,427,1,450,3,430,1,350,3,,,,
427,426,1,450,3,,,,,,,,,,,,
428,424,1,400,3,429,1,200,3,542,1,600,3,,,,
429,428,1,200,3,,,,,,,,,,,,
430,426,1,350,3,431,1,400,6,543,1,310,4,,,,
431,275,1,160,3,279,1,1200,3,420,1,1000,5,430,1,400,6
432,478,1,190,3,265,1,740,3,433,1,1000,3,,,,
433,477,1,380,4,432,1,1000,3,269,1,840,4,,,,
434,263,1,200,3,435,1,500,3,436,1,350,3,,,,
435,434,1,500,3,436,1,310,3,437,1,1300,3,,,,
436,434,1,350,3,435,1,310,3,,,,,,,,
437,435,1,1300,3,438,1,260,4,441,1,220,4,,,,
438,437,1,260,4,441,1,110,4,439,1,190,3,,,,
439,467,1,280,4,441,1,20,5,442,1,360,4,440,1,130,4
440,439,1,130,4,,,,,,,,,,,,
441,437,1,220,4,439,1,20,5,438,1,110,4,,,,
442,439,1,360,4,450,1,690,4,443,1,120,4,,,,
443,442,1,120,4,444,1,120,4,687,1,1800,5,,,,
444,443,1,120,4,447,1,50,4,448,1,540,4,,,,
445,447,1,60,4,,,,,,,,,,,,
446,447,1,90,4,,,,,,,,,,,,
447,444,1,50,4,445,1,60,4,446,1,90,4,,,,
448,444,1,540,4,449,1,490,4,450,1,210,4,451,1,530,4
449,448,1,490,4,,,,,,,,,,,,
450,448,1,210,4,442,1,690,4,466,1,290,4,,,,
451,448,1,530,4,452,1,170,3,453,1,140,3,,,,
452,451,1,170,3,,,,,,,,,,,,
453,451,1,140,3,454,1,300,3,677,1,800,3,,,,
454,453,1,300,3,686,3,1200,0,455,3,610,0,,,,
455,454,3,610,0,456,3,200,0,484,1,1100,3,,,,
456,455,3,200,0,460,3,850,0,457,1,310,3,,,,
457,456,1,310,3,458,1,50,3,459,1,90,4,,,,
458,457,1,50,3,,,,,,,,,,,,
459,457,1,90,4,463,1,460,4,464,1,260,4,,,,
460,456,3,850,0,461,3,130,0,486,1,950,3,,,,
461,460,3,130,0,462,1,270,4,270,3,760,0,,,,
462,461,1,270,4,463,1,105,4,483,1,290,4,,,,
463,464,1,260,4,462,1,105,4,459,1,460,4,,,,
464,459,1,260,4,463,1,260,4,465,1,50,4,,,,
465,464,1,50,4,466,1,210,4,472,1,450,4,,,,
466,450,1,290,4,465,1,210,4,467,1,620,4,,,,
467,439,1,280,4,466,1,620,4,468,1,50,4,480,1,290,4
468,467,1,50,4,469,1,40,3,470,1,110,4,,,,
469,770,1,40,3,468,1,40,3,471,1,190,3,,,,
470,468,1,110,4,471,1,130,3,472,1,160,3,,,,
471,469,1,190,3,470,1,130,3,474,1,125,3,,,,
472,465,1,450,4,470,1,160,3,473,1,125,4,481,1,165,4
473,472,1,125,4,474,1,30,4,483,1,390,3,,,,
474,471,1,125,3,473,1,30,4,475,1,80,4,,,,
475,474,1,80,4,476,1,125,4,480,1,460,4,,,,
476,475,1,125,4,477,1,120,4,479,1,570,4,,,,
477,476,1,120,4,478,1,625,4,433,1,380,4,,,,
478,477,1,625,4,479,1,60,4,432,1,190,3,,,,
479,476,1,570,4,478,1,60,4,480,1,150,4,,,,
480,475,1,460,4,479,1,150,4,467,1,290,4,,,,
481,472,1,165,4,482,1,250,3,483,1,110,4,,,,
482,481,1,250,3,,,,,,,,,,,,
483,462,1,290,4,473,1,390,3,481,1,110,4,,,,
484,455,1,1100,3,676,1,170,3,485,1,450,3,,,,
485,484,1,450,3,678,1,940,3,486,1,1400,3,,,,
486,460,1,950,3,485,1,1400,3,487,1,210,3,,,,
487,486,1,210,3,490,1,290,3,576,1,2900,3,,,,
488,490,1,150,3,,,,,,,,,,,,
489,490,1,90,3,491,1,110,5,270,2,1800,4,,,,
490,487,1,290,3,488,1,150,3,489,1,90,3,,,,
491,489,1,110,5,492,1,2500,3,493,1,370,5,,,,
492,491,1,2500,3,542,1,460,3,498,1,1400,3,,,,
493,491,1,370,5,496,1,1100,3,494,2,1500,4,,,,
494,493,2,1500,4,495,1,700,4,506,2,1500,4,568,1,990,9
495,496,1,610,3,494,1,700,4,501,1,1200,5,505,1,1600,3
496,495,1,610,3,497,1,1300,3,493,1,1100,3,,,,
497,498,1,430,3,496,1,1300,3,501,1,910,3,,,,
498,492,1,1400,3,497,1,430,3,499,1,2100,3,,,,
499,498,1,2100,3,500,1,1300,3,778,1,620,3,,,,
500,499,1,2100,3,501,1,1300,5,772,1,25,3,,,,
501,495,1,1200,5,497,1,910,3,500,1,1300,5,502,1,850,3
502,501,1,850,3,503,1,800,3,504,1,980,3,,,,
503,502,1,800,3,507,1,950,3,504,1,560,3,,,,
504,502,1,980,3,505,1,700,3,503,1,560,3,,,,
505,495,1,1600,3,504,1,700,3,506,1,480,3,,,,
506,494,2,1500,4,505,1,480,3,648,1,2100,5,580,1,1700,3
507,503,1,950,3,508,1,920,3,564,1,1400,3,643,1,2700,3
508,507,1,920,3,509,1,850,4,563,1,1100,4,,,,
509,508,1,850,4,510,1,1000,4,516,1,2400,3,,,,
510,509,1,1000,4,774,1,80,9,511,1,1800,3,,,,
511,510,1,1800,3,512,1,290,3,513,1,1400,3,,,,
512,511,1,290,3,794,1,860,3,519,1,760,3,,,,
513,511,1,1400,3,514,1,80,3,517,1,250,3,,,,
514,513,1,80,3,515,1,320,3,519,1,1300,3,,,,
515,514,1,320,3,518,1,280,3,517,1,320,3,,,,
516,509,1,2400,3,517,1,1100,3,555,1,780,3,,,,
517,515,1,320,3,516,1,1100,3,513,1,250,3,,,,
518,515,1,280,3,,,,,,,,,,,,
519,512,1,760,3,514,1,1300,3,520,1,690,5,525,1,850,5
520,519,1,690,5,521,1,500,5,522,1,1400,3,,,,
521,520,1,500,5,,,,,,,,,,,,
522,520,1,1400,3,523,1,85,3,524,1,450,3,,,,
523,522,1,85,3,,,,,,,,,,,,
524,522,1,450,3,526,1,945,3,525,1,670,3,,,,
525,519,1,850,5,524,1,670,3,794,1,350,5,,,,
526,524,1,945,3,527,1,220,3,528,1,230,3,,,,
527,526,1,220,3,,,,,,,,,,,,
528,526,1,230,3,529,1,520,3,533,1,500,3,,,,
529,528,1,520,3,530,1,1400,3,533,1,110,3,,,,
530,529,1,1400,3,,,,,,,,,,,,
531,533,1,260,3,534,1,165,3,535,1,1300,3,,,,
532,534,1,1500,3,785,1,490,3,535,1,3100,3,,,,
533,528,1,500,3,529,1,110,3,531,1,260,3,,,,
534,531,1,165,3,535,1,1700,3,532,1,1500,3,,,,
535,531,1,1300,3,534,1,1700,3,532,1,3100,3,,,,
536,781,1,980,4,541,1,100,4,537,1,1400,3,,,,
537,536,1,1400,3,538,1,600,3,539,1,700,3,,,,
538,537,1,600,3,,,,,,,,,,,,
539,279,1,2300,3,537,1,700,3,543,1,2000,3,,,,
540,385,1,150,3,,,,,,,,,,,,
541,536,1,100,4,543,1,1600,4,542,1,1500,3,,,,
542,428,1,600,3,492,1,460,3,541,1,1500,3,,,,
543,539,1,2000,3,541,1,1600,4,430,1,310,4,,,,
544,641,1,730,3,545,1,750,3,565,1,1200,3,,,,
545,544,1,750,3,546,1,270,4,634,1,1700,3,640,1,1300,4
546,545,1,270,4,547,1,1200,3,566,1,1100,4,,,,
547,546,1,1200,3,567,1,630,3,552,1,1100,3,548,1,,
548,549,1,200,3,550,1,480,3,547,1,,,,,,
549,548,1,200,3,,,,,,,,,,,,
550,548,1,480,3,551,3,1000,0,,,,,,,,
551,550,3,1000,0,552,1,500,3,,,,,,,,
552,547,1,1100,3,551,1,500,3,553,1,540,4,,,,
553,552,1,540,4,554,1,1000,3,567,1,630,4,,,,
554,553,1,1000,3,557,1,1200,3,555,1,1000,3,,,,
555,516,1,780,3,554,1,1000,3,556,1,750,3,,,,
556,555,1,750,3,557,1,460,3,559,1,420,3,,,,
557,554,1,1200,3,556,1,460,3,558,1,330,3,,,,
558,557,1,330,3,559,1,300,3,562,1,230,3,,,,
559,556,1,420,3,558,1,300,3,560,1,140,3,,,,
560,559,1,140,3,561,1,220,3,562,1,430,3,,,,
561,560,1,220,3,,,,,,,,,,,,
562,560,1,430,3,558,1,230,3,563,1,220,4,795,1,20,4
563,508,1,1100,4,562,1,220,4,564,1,300,3,,,,
564,507,1,1400,3,563,1,300,3,565,1,30,3,,,,
565,544,1,1200,3,795,1,560,3,564,1,30,3,,,,
566,546,1,1100,4,795,1,190,4,567,1,690,4,,,,
567,553,1,630,4,566,1,690,4,547,1,630,3,,,,
568,494,1,990,9,572,1,440,9,569,1,140,4,,,,
569,568,1,140,4,571,1,670,4,570,1,80,4,573,1,450,4
570,569,1,80,4,,,,,,,,,,,,
571,569,1,670,4,,,,,,,,,,,,
572,568,1,440,9,576,1,200,9,573,1,140,4,,,,
573,569,1,450,4,574,1,220,4,572,1,140,4,577,1,360,4
574,573,1,220,4,575,1,130,4,577,1,660,4,,,,
575,574,1,130,4,,,,,,,,,,,,
576,572,1,200,9,578,1,270,9,487,1,2900,3,,,,
577,573,1,360,4,579,1,120,4,574,1,660,4,,,,
578,576,1,270,9,579,1,90,3,581,1,600,5,,,,
579,577,1,120,4,578,1,90,3,580,1,760,3,,,,
580,506,1,1700,3,579,1,760,3,648,1,2500,3,,,,
581,578,1,600,5,582,1,320,4,583,1,520,5,,,,
582,581,1,320,4,,,,,,,,,,,,
583,581,1,520,5,584,1,420,4,588,1,320,5,585,1,150,4
584,583,1,420,4,,,,,,,,,,,,
585,583,1,150,4,586,1,330,4,587,1,670,4,,,,
586,585,1,330,4,,,,,,,,,,,,
587,585,1,670,4,604,1,790,4,588,1,730,4,,,,
588,583,1,320,5,587,1,730,4,589,1,50,4,,,,
589,588,1,50,4,590,1,240,4,591,1,130,4,,,,
590,589,1,240,4,,,,,,,,,,,,
591,589,1,130,4,592,1,35,4,680,1,1400,3,,,,
592,591,1,35,4,594,1,140,4,593,1,70,4,,,,
593,592,1,70,4,595,1,80,4,601,1,210,4,,,,
594,592,1,140,4,595,1,110,4,596,1,120,4,,,,
595,594,1,110,4,600,1,175,4,593,1,80,4,,,,
596,598,1,200,4,594,1,120,4,597,1,250,4,,,,
597,598,1,320,4,596,1,250,4,,,,,,,,
598,600,1,90,4,599,1,220,4,597,1,320,4,596,1,200,4
599,598,1,220,4,,,,,,,,,,,,
600,601,1,90,4,595,1,175,4,598,1,90,4,,,,
601,600,1,90,4,593,1,210,4,602,1,250,4,,,,
602,601,1,250,4,603,1,220,4,683,1,1800,3,,,,
603,602,1,220,4,604,1,1500,3,695,1,2000,4,,,,
604,587,1,790,4,603,1,1500,3,661,1,640,3,,,,
605,606,1,710,3,670,1,170,4,607,1,100,4,,,,
606,605,1,710,3,611,1,400,5,663,1,490,5,,,,
607,605,1,100,4,608,1,330,3,610,1,430,4,,,,
608,607,1,330,3,,,,,,,,,,,,
609,612,1,360,4,,,,,,,,,,,,
610,607,1,430,4,612,1,120,4,611,2,140,3,,,,
611,606,1,400,5,610,2,140,3,618,2,590,3,,,,
612,609,1,360,4,610,1,120,4,613,1,50,4,,,,
613,612,1,50,4,614,1,140,4,615,1,150,4,,,,
614,613,1,140,4,,,,,,,,,,,,
615,613,1,150,4,616,1,150,4,666,1,820,3,,,,
616,615,1,150,4,,,,,,,,,,,,
617,663,1,650,3,662,1,1100,3,629,1,1000,3,,,,
618,611,2,590,3,619,1,350,4,627,2,590,3,,,,
619,618,1,350,4,623,1,190,4,620,1,40,4,,,,
620,626,1,360,4,621,1,190,4,619,1,40,4,,,,
621,620,1,190,4,632,1,2200,3,622,1,90,4,,,,
622,621,1,90,4,624,1,20,4,623,1,270,4,,,,
623,619,1,190,4,625,1,30,4,622,1,270,4,,,,
624,622,1,20,4,625,1,300,4,,,,,,,,
625,624,1,300,4,623,1,30,4,,,,,,,,
626,627,1,170,3,620,1,360,4,631,1,330,3,,,,
627,628,1,220,4,626,1,170,3,618,2,590,3,,,,
628,629,1,450,3,627,1,220,4,631,1,340,3,630,1,410,4
629,617,1,1000,3,628,1,450,3,630,1,300,3,664,1,950,3
630,628,1,410,4,629,1,300,3,675,1,1400,4,,,,
631,626,1,330,3,628,1,340,3,632,1,650,3,,,,
632,621,1,2200,3,665,1,700,3,631,1,650,3,,,,
633,634,1,1800,3,,,,,,,,,,,,
634,545,1,1700,3,633,1,1800,3,635,1,590,3,,,,
635,634,1,590,3,636,1,925,3,637,1,590,3,,,,
636,635,1,925,3,,,,,,,,,,,,
637,635,1,590,3,640,1,930,3,638,1,1300,3,,,,
638,637,1,1300,3,639,1,1500,3,647,1,2200,3,,,,
639,638,1,1500,3,,,,,,,,,,,,
640,545,1,1300,4,637,1,930,3,647,1,910,4,642,1,1000,3
641,544,1,730,3,642,1,370,3,643,1,610,3,,,,
642,640,1,1000,3,641,1,370,3,644,1,460,3,,,,
643,507,1,2700,3,641,1,610,3,644,1,350,3,,,,
644,642,1,460,3,645,1,170,3,643,1,350,3,646,1,560,3
645,644,1,170,3,658,1,740,3,648,1,860,3,,,,
646,644,1,560,3,651,1,860,3,647,1,1300,3,,,,
647,640,1,910,4,638,1,2200,3,646,1,1300,3,654,1,1100,4
648,506,1,2100,5,580,1,2500,3,645,1,860,3,649,1,360,5
649,648,1,360,5,650,1,1100,3,658,1,510,5,,,,
650,649,1,1100,3,,,,,,,,,,,,
651,646,1,860,3,653,1,630,5,658,1,620,5,,,,
652,653,1,290,3,,,,,,,,,,,,
653,652,1,290,3,654,1,950,5,651,1,630,5,,,,
654,647,1,1100,4,653,1,950,5,655,1,1200,6,,,,
655,654,1,1200,6,656,1,200,0,,,,,,,,
656,655,1,200,0,657,1,375,0,673,3,3200,0,,,,
657,656,1,375,0,,,,,,,,,,,,
658,645,1,740,3,649,1,510,5,659,1,3500,3,,,,
659,658,1,3500,3,660,1,910,3,663,1,700,3,,,,
660,659,1,910,3,663,1,790,4,661,1,580,3,,,,
661,604,1,640,3,660,1,580,3,662,1,1320,3,,,,
662,617,1,1100,3,661,1,1320,3,664,1,1300,3,,,,
663,606,1,490,5,617,1,650,3,660,1,790,4,659,1,700,3
664,662,1,1300,3,629,1,950,3,675,1,1400,3,,,,
665,632,1,700,3,,,,,,,,,,,,
666,615,1,820,3,667,1,700,3,674,1,1200,3,,,,
667,666,1,700,3,674,1,1200,3,668,1,140,3,,,,
668,670,1,1600,3,667,1,140,3,669,1,400,3,,,,
669,668,1,400,3,,,,,,,,,,,,
670,605,1,170,4,671,1,910,3,668,1,1600,3,,,,
671,670,1,910,3,672,1,230,3,673,1,200,3,,,,
672,671,1,230,3,,,,,,,,,,,,
673,656,3,3200,0,671,1,200,3,,,,,,,,
674,666,1,1200,3,667,1,1200,3,,,,,,,,
675,630,1,1400,4,664,1,950,3,705,1,740,3,710,2,1200,2
676,484,1,170,3,,,,,,,,,,,,
677,453,1,800,3,682,1,220,3,679,1,1060,3,,,,
678,485,1,940,3,679,1,520,3,680,1,620,3,,,,
679,677,1,1060,3,678,1,520,3,681,1,210,3,,,,
680,591,1,1400,3,678,1,620,3,681,1,970,3,,,,
681,679,1,210,3,680,1,970,3,683,1,1600,3,,,,
682,677,1,220,3,,,,,,,,,,,,
683,602,1,1800,3,681,1,1600,3,694,1,730,3,684,1,1100,3
684,686,1,1600,3,683,1,1100,3,685,1,110,3,,,,
685,693,1,1000,3,684,1,110,3,688,1,830,3,,,,
686,454,3,1200,0,684,1,1600,3,687,3,150,0,,,,
687,443,1,1800,5,686,3,150,0,688,3,1000,0,,,,
688,685,1,830,3,687,3,1000,0,690,3,520,0,689,2,1000,3
689,688,2,1000,3,262,1,1100,4,747,1,1700,3,,,,
690,688,3,520,0,692,3,950,0,691,1,1400,3,,,,
691,690,1,1400,3,692,1,1400,3,742,1,650,3,,,,
692,691,1,1400,3,690,3,950,0,693,1,1400,3,736,3,440,0
693,694,1,680,3,685,1,1000,3,692,1,1400,3,,,,
694,683,1,730,3,693,1,680,3,696,1,1500,3,,,,
695,603,1,2000,4,698,1,1700,3,704,1,1100,4,705,1,1600,3
696,694,1,1500,3,698,1,130,3,697,3,50,0,736,3,1800,0
697,696,3,50,0,698,1,140,3,704,3,1600,0,699,1,540,3
698,696,1,130,3,695,1,1700,3,697,1,140,3,,,,
699,697,1,540,3,700,1,230,3,701,1,380,3,,,,
700,699,1,230,3,701,1,180,3,711,1,2100,3,,,,
701,700,1,180,3,702,1,70,3,699,1,380,3,,,,
702,701,1,70,3,736,1,1600,3,703,1,520,3,,,,
703,702,1,520,3,737,1,2100,3,713,1,2000,3,,,,
704,697,3,1600,0,706,3,670,0,708,1,1100,3,695,1,1100,4
705,675,1,740,3,695,1,1600,3,706,1,850,3,,,,
706,705,1,850,3,704,3,670,0,709,3,560,0,707,1,150,3
707,709,1,590,3,706,1,150,3,708,1,910,3,,,,
708,704,1,1100,3,707,1,910,3,711,1,1200,3,,,,
709,710,3,500,0,707,1,590,3,706,3,560,0,,,,
710,675,2,1200,2,733,3,780,0,709,3,500,0,,,,
711,700,1,2100,3,708,1,1200,3,712,1,910,3,,,,
712,713,1,1300,3,719,1,1100,3,711,1,910,3,,,,
713,703,1,2000,3,712,1,1300,3,714,1,860,3,,,,
714,713,1,860,3,715,1,690,3,716,1,480,3,,,,
715,714,1,690,3,717,1,400,3,716,1,490,3,,,,
716,715,1,490,3,714,1,480,3,718,1,270,3,,,,
717,715,1,400,3,718,1,600,3,719,1,710,3,,,,
718,716,1,270,3,723,1,2200,3,717,1,600,3,,,,
719,712,1,1100,3,722,1,110,3,717,1,710,3,,,,
720,722,1,1000,3,721,1,590,3,723,1,270,3,,,,
721,720,1,590,3,,,,,,,,,,,,
722,719,1,110,3,720,1,1000,3,732,1,3500,3,,,,
723,718,1,2200,3,720,1,270,3,724,1,1900,3,,,,
724,723,1,1900,3,726,1,450,3,725,1,860,3,,,,
725,726,1,330,3,727,1,550,3,724,1,860,3,,,,
726,724,1,450,3,725,1,330,3,730,1,1400,3,,,,
727,725,1,550,3,729,1,490,3,728,1,420,3,,,,
728,727,1,420,3,,,,,,,,,,,,
729,727,1,490,3,,,,,,,,,,,,
730,726,1,1400,3,732,1,1100,3,735,1,1300,3,,,,
731,735,1,570,3,,,,,,,,,,,,
732,730,1,1100,3,722,1,3500,3,733,1,450,3,,,,
733,734,3,230,0,732,1,450,3,710,3,780,0,,,,
734,735,3,1100,0,733,3,230,0,,,,,,,,
735,730,1,1300,3,731,1,570,3,734,3,1100,0,,,,
736,692,3,440,0,696,3,1800,0,702,1,1600,3,,,,
737,703,1,2100,3,738,1,940,3,739,1,580,3,,,,
738,737,1,940,3,,,,,,,,,,,,
739,737,1,580,3,740,1,2300,3,742,1,1700,3,,,,
740,739,1,2300,3,,,,,,,,,,,,
742,691,1,650,3,739,1,1700,3,743,1,250,3,,,,
743,742,1,250,3,747,1,1400,3,744,1,4600,3,,,,
744,743,1,4600,3,745,1,1000,3,746,1,2700,3,,,,
745,744,1,1000,3,,,,,,,,,,,,
746,744,1,2700,3,,,,,,,,,,,,
747,261,1,980,3,689,1,1700,3,743,1,1400,3,,,,
748,31,1,340,6,39,2,230,5,38,3,300,3,,,,
749,151,1,100,5,750,1,310,4,758,1,370,3,,,,
750,199,1,960,4,253,1,530,4,749,1,310,4,,,,
751,254,1,1400,3,752,1,410,4,754,1,780,4,,,,
752,257,1,840,4,753,1,1500,3,751,1,410,4,,,,
753,752,1,1500,3,,,,,,,,,,,,
754,751,1,780,4,757,1,2400,3,755,1,780,4,,,,
755,754,1,780,4,749,2,1300,3,756,2,530,4,757,2,1900,4
756,755,3,530,4,287,1,1200,5,749,2,1800,3,,,,
757,755,2,1900,4,754,1,2400,3,266,1,830,5,285,1,2400,3
758,150,1,220,5,749,1,370,3,312,1,860,3,,,,
759,233,1,80,4,760,1,75,5,762,1,380,5,,,,
760,759,1,75,5,761,1,465,3,245,1,600,5,,,,
761,760,1,465,3,,,,,,,,,,,,
762,759,1,380,5,763,1,100,4,768,1,285,7,,,,
763,762,1,100,4,764,1,280,4,766,1,230,4,,,,
764,763,1,280,4,768,1,100,4,765,1,170,4,,,,
765,764,1,170,4,,,,,,,,,,,,
766,763,1,230,4,769,1,200,4,767,1,220,4,,,,
767,766,1,220,4,235,1,175,4,236,1,60,4,,,,
768,762,1,285,7,764,1,100,4,,,,,,,,
769,766,1,200,4,,,,,,,,,,,,
770,469,1,40,3,,,,,,,,,,,,
771,415,1,100,3,,,,,,,,,,,,
772,500,1,25,3,773,1,315,3,776,1,480,3,,,,
773,772,1,315,3,775,1,225,3,774,1,400,3,,,,
774,510,1,80,9,773,1,400,3,775,1,420,9,,,,
775,773,1,225,3,776,1,290,9,774,1,420,9,793,1,350,3
776,772,1,480,3,775,1,290,9,293,1,210,4,777,1,560,9
777,776,1,560,9,791,1,530,4,778,1,170,9,,,,
778,499,1,620,3,477,1,170,9,779,1,30,9,,,,
779,790,1,400,4,778,1,30,9,780,1,530,9,,,,
780,779,1,530,9,781,2,260,5,782,1,250,3,,,,
781,536,1,980,4,780,2,260,5,782,1,140,4,,,,
782,780,1,250,3,783,1,780,3,781,1,140,4,784,1,830,4
783,782,1,780,3,,,,,,,,,,,,
784,785,1,190,4,790,1,540,3,782,1,830,4,,,,
785,532,1,490,3,787,1,390,4,786,1,920,4,784,1,190,4
786,792,1,1200,3,794,1,310,4,785,1,920,4,,,,
787,785,1,390,4,789,1,190,3,788,1,110,4,,,,
788,789,1,130,3,787,1,110,4,791,1,90,4,,,,
789,787,1,190,3,788,1,130,3,790,1,130,4,,,,
790,784,1,540,3,779,1,400,4,789,1,130,4,,,,
791,788,1,90,4,777,1,530,4,792,1,275,4,,,,
792,791,1,275,4,786,1,1200,3,793,1,110,4,,,,
793,775,1,350,3,776,1,210,4,792,1,110,4,,,,
794,512,1,860,3,525,1,350,5,786,1,310,4,,,,
795,562,1,20,4,565,1,560,3,566,1,190,4,,,,
